{"1": -365.58412698412457, "2": -716.65977011494, "3": 172.18934911243142, "4": 128.963837638372, "5": 201.0380622837417, "6": 161.00628930818112, "7": 248.83720930232596, "8": -6.015037593985003, "9": 240.90909090908016, "10": 84.04907975460199, "11": 206.12244897959658, "12": 110.68249258160719, "13": 248.101265822776, "14": -544.7280442804412, "15": -541.0375838926149, "16": 279.5620437956064, "17": -469.3621908127213, "18": -288.39928315412135, "19": 77.77777777778047, "20": -61.42686567164037, "21": 227.8145695364284, "22": 216.29392971246537, "23": 184.69750889680245, "24": 219.44444444443917, "25": 185.7142857142911}