{"1": 761.9631901840385, "2": 290.9774436090053, "3": 243.94904458599214, "4": 781.0408921932951, "5": 823.6641221373911, "6": 815.1943462897349, "7": 816.9550173010257, "8": 729.2682926829103, "9": 858.333333333315, "10": 873.6842105262959, "11": 873.1543624160879, "12": 819.1919191919006, "13": 862.5850340135942, "14": 871.2230215827154, "15": 853.736654804256, "16": 217.85714285714096, "17": 574.9999999999844, "18": 837.499999999983, "19": 815.3605015673771, "20": 785.3046594981926, "21": 815.7509157509029, "22": 794.2307692307535, "23": 856.9536423840942, "24": 838.7755102040699, "25": 893.6908517350023}