{"1": 24.161073825505348, "2": 23.456790123458873, "3": 11.888111888112338, "4": 59.60912052117719, "5": -59.55882352941254, "6": 103.33333333333661, "7": 116.98113207547672, "8": 489.47368421051016, "9": 583.6734693877468, "10": 216.49831649832134, "11": -5.594405594406565, "12": -55.55555555555633, "13": 13.712374581941168, "14": 311.5646258503393, "15": 27.32919254658578, "16": 186.6449511400702, "17": 352.4590163934303, "18": 98.6754966887465, "19": -56.08108108108185, "20": -63.210702341137925, "21": -46.56488549618402, "22": 372.9241877256176, "23": 40.18691588785324, "24": 165.4320987654364, "25": 26.865671641792446}